Senior Ruby Full Stack Developer,https://atlanta.craigslist.org/atl/sof/d/senior-ruby-full-stack/6641998722.html,2018-08-12 18:25:48.141139
Senior Ruby Full Stack Developer,https://atlanta.craigslist.org/atl/sof/d/senior-ruby-full-stack/6641998722.html,2018-08-12 18:25:51.094688
Senior Ruby Full Stack Developer,https://atlanta.craigslist.org/atl/sof/d/senior-ruby-full-stack/6641998722.html,2018-08-12 18:37:51.955856
Senior Ruby Full Stack Developer,https://atlanta.craigslist.org/atl/sof/d/senior-ruby-full-stack/6641998722.html,2018-08-12 18:37:55.127215
Energy Education Coordinator,https://juneau.craigslist.org/edu/d/energy-education-coordinator/6654999564.html,2018-08-12 18:38:01.050463
Energy Education Coordinator,https://juneau.craigslist.org/npo/d/energy-education-coordinator/6654999573.html,2018-08-12 18:38:01.054448
Worldwide Sales Manager - Group Segment,https://phoenix.craigslist.org/cph/sls/d/worldwide-sales-manager-group/6646313548.html,2018-08-12 18:38:01.842173
Worldwide Sales Manager - Group Segment,https://phoenix.craigslist.org/cph/sls/d/worldwide-sales-manager-group/6646313548.html,2018-08-12 18:38:02.622429
Worldwide Sales Manager - Group Segment,https://phoenix.craigslist.org/cph/sls/d/worldwide-sales-manager-group/6646313548.html,2018-08-12 18:38:03.381850
Worldwide Sales Manager - Group Segment,https://phoenix.craigslist.org/cph/sls/d/worldwide-sales-manager-group/6646313548.html,2018-08-12 18:38:04.203198
Worldwide Sales Manager - Group Segment,https://phoenix.craigslist.org/cph/sls/d/worldwide-sales-manager-group/6646313548.html,2018-08-12 18:38:05.030063
Worldwide Sales Manager - Group Segment,https://phoenix.craigslist.org/cph/sls/d/worldwide-sales-manager-group/6646313548.html,2018-08-12 18:38:05.796639
Worldwide Sales Manager - Group Segment,https://phoenix.craigslist.org/cph/sls/d/worldwide-sales-manager-group/6646313548.html,2018-08-12 18:38:06.569485
Coldfusion Developer / Programmer Needed (No Remote work),https://sandiego.craigslist.org/csd/web/d/coldfusion-developer/6660414227.html,2018-08-12 18:38:07.374195
Worldwide Sales Manager - Group Segment,https://phoenix.craigslist.org/cph/sls/d/worldwide-sales-manager-group/6646313548.html,2018-08-12 18:38:07.378179
Web Server Developer Needed,https://santabarbara.craigslist.org/sof/d/web-server-developer-needed/6648622267.html,2018-08-12 18:38:12.096528
Senior Ruby Full Stack Developer,https://sacramento.craigslist.org/sof/d/senior-ruby-full-stack/6641998577.html,2018-08-12 18:38:12.886603
Senior Ruby Full Stack Developer,https://sacramento.craigslist.org/sof/d/senior-ruby-full-stack/6641998577.html,2018-08-12 18:38:14.413209
Coldfusion Developer / Programmer Needed (No Remote work),https://sandiego.craigslist.org/csd/web/d/coldfusion-developer/6660414227.html,2018-08-12 18:38:16.755310
Front End Developer for leading creative agency,https://losangeles.craigslist.org/wst/web/d/front-end-developer-for/6654447294.html,2018-08-12 18:38:17.593943
Marketing Manager at Growing LA Tech Startup,https://losangeles.craigslist.org/lac/mar/d/marketing-manager-at-growing/6651554114.html,2018-08-12 18:38:17.598927
QA Engineer,https://losangeles.craigslist.org/wst/sof/d/qa-engineer/6662328440.html,2018-08-12 18:38:17.600925
*Marketing Manager at Growing LA Tech Startup / Full Time / In House*,https://losangeles.craigslist.org/lac/mar/d/marketing-manager-at-growing/6645884256.html,2018-08-12 18:38:17.604936
Coldfusion Developer / Programmer Needed (No Remote work),https://sandiego.craigslist.org/csd/web/d/coldfusion-developer/6660414227.html,2018-08-12 18:38:17.604936
Front End Developer for leading creative agency,https://losangeles.craigslist.org/wst/web/d/front-end-developer-for/6654447294.html,2018-08-12 18:38:18.422107
Marketing Manager at Growing LA Tech Startup,https://losangeles.craigslist.org/lac/mar/d/marketing-manager-at-growing/6651554114.html,2018-08-12 18:38:18.427104
QA Engineer,https://losangeles.craigslist.org/wst/sof/d/qa-engineer/6662328440.html,2018-08-12 18:38:18.428102
*Marketing Manager at Growing LA Tech Startup / Full Time / In House*,https://losangeles.craigslist.org/lac/mar/d/marketing-manager-at-growing/6645884256.html,2018-08-12 18:38:18.429102
Web Server Developer Needed,https://santabarbara.craigslist.org/sof/d/web-server-developer-needed/6648622267.html,2018-08-12 18:38:18.431112
Senior Ruby Full Stack Developer,https://sacramento.craigslist.org/sof/d/senior-ruby-full-stack/6641998577.html,2018-08-12 18:38:19.192146
Python/Javascript Web Application Software Developer,https://monterey.craigslist.org/sof/d/python-java-web-application/6666741867.html,2018-08-12 18:38:20.000102
Director of Marketing and Media,https://sfbay.craigslist.org/sfc/mar/d/director-of-marketing-and/6652145713.html,2018-08-12 18:38:20.905183
Senior Ruby Full Stack Developer,https://sacramento.craigslist.org/sof/d/senior-ruby-full-stack/6641998577.html,2018-08-12 18:38:20.909162
Python/Javascript Web Application Software Developer,https://monterey.craigslist.org/sof/d/python-java-web-application/6666741867.html,2018-08-12 18:38:20.911160
Python/Javascript Web Application Software Developer,https://monterey.craigslist.org/sof/d/python-java-web-application/6666741867.html,2018-08-12 18:38:21.740284
Director of Marketing and Media,https://sfbay.craigslist.org/sfc/mar/d/director-of-marketing-and/6652145713.html,2018-08-12 18:38:21.743295
Front End Developer for leading creative agency,https://losangeles.craigslist.org/wst/web/d/front-end-developer-for/6654447294.html,2018-08-12 18:38:22.550289
Marketing Manager at Growing LA Tech Startup,https://losangeles.craigslist.org/lac/mar/d/marketing-manager-at-growing/6651554114.html,2018-08-12 18:38:22.554286
QA Engineer,https://losangeles.craigslist.org/wst/sof/d/qa-engineer/6662328440.html,2018-08-12 18:38:22.554286
*Marketing Manager at Growing LA Tech Startup / Full Time / In House*,https://losangeles.craigslist.org/lac/mar/d/marketing-manager-at-growing/6645884256.html,2018-08-12 18:38:22.555290
Coldfusion Developer / Programmer Needed (No Remote work),https://sandiego.craigslist.org/csd/web/d/coldfusion-developer/6660414227.html,2018-08-12 18:38:22.557272
Coldfusion Developer / Programmer Needed (No Remote work),https://sandiego.craigslist.org/csd/web/d/coldfusion-developer/6660414227.html,2018-08-12 18:38:23.346304
Front End Developer for leading creative agency,https://losangeles.craigslist.org/wst/web/d/front-end-developer-for/6654447294.html,2018-08-12 18:38:23.350301
Marketing Manager at Growing LA Tech Startup,https://losangeles.craigslist.org/lac/mar/d/marketing-manager-at-growing/6651554114.html,2018-08-12 18:38:23.351313
QA Engineer,https://losangeles.craigslist.org/wst/sof/d/qa-engineer/6662328440.html,2018-08-12 18:38:23.352312
*Marketing Manager at Growing LA Tech Startup / Full Time / In House*,https://losangeles.craigslist.org/lac/mar/d/marketing-manager-at-growing/6645884256.html,2018-08-12 18:38:23.353299
Senior Ruby Full Stack Developer,https://sacramento.craigslist.org/sof/d/senior-ruby-full-stack/6641998577.html,2018-08-12 18:38:24.886899
Director of Marketing and Media,https://sfbay.craigslist.org/sfc/mar/d/director-of-marketing-and/6652145713.html,2018-08-12 18:38:24.890897
Coldfusion Developer / Programmer Needed (No Remote work),https://sandiego.craigslist.org/csd/web/d/coldfusion-developer/6660414227.html,2018-08-12 18:38:25.708485
Front End Developer for leading creative agency,https://losangeles.craigslist.org/wst/web/d/front-end-developer-for/6654447294.html,2018-08-12 18:38:25.713485
Marketing Manager at Growing LA Tech Startup,https://losangeles.craigslist.org/lac/mar/d/marketing-manager-at-growing/6651554114.html,2018-08-12 18:38:25.714481
QA Engineer,https://losangeles.craigslist.org/wst/sof/d/qa-engineer/6662328440.html,2018-08-12 18:38:25.715480
*Marketing Manager at Growing LA Tech Startup / Full Time / In House*,https://losangeles.craigslist.org/lac/mar/d/marketing-manager-at-growing/6645884256.html,2018-08-12 18:38:25.716492
Director of Marketing and Media,https://sfbay.craigslist.org/sfc/mar/d/director-of-marketing-and/6652145713.html,2018-08-12 18:38:26.538898
Python/Javascript Web Application Software Developer,https://monterey.craigslist.org/sof/d/python-java-web-application/6666741867.html,2018-08-12 18:38:26.543894
Senior Ruby Full Stack Developer,https://sacramento.craigslist.org/sof/d/senior-ruby-full-stack/6641998577.html,2018-08-12 18:38:26.544894
Web Server Developer Needed,https://santabarbara.craigslist.org/sof/d/web-server-developer-needed/6648622267.html,2018-08-12 18:38:27.294053
Web Server Developer Needed,https://santabarbara.craigslist.org/sof/d/web-server-developer-needed/6648622267.html,2018-08-12 18:38:28.618172
Front End Developer for leading creative agency,https://losangeles.craigslist.org/wst/web/d/front-end-developer-for/6654447294.html,2018-08-12 18:38:28.623168
Marketing Manager at Growing LA Tech Startup,https://losangeles.craigslist.org/lac/mar/d/marketing-manager-at-growing/6651554114.html,2018-08-12 18:38:28.623168
QA Engineer,https://losangeles.craigslist.org/wst/sof/d/qa-engineer/6662328440.html,2018-08-12 18:38:28.624167
*Marketing Manager at Growing LA Tech Startup / Full Time / In House*,https://losangeles.craigslist.org/lac/mar/d/marketing-manager-at-growing/6645884256.html,2018-08-12 18:38:28.626165
Web Server Developer Needed,https://santabarbara.craigslist.org/sof/d/web-server-developer-needed/6648622267.html,2018-08-12 18:38:29.338131
Senior Ruby Full Stack Developer,https://sacramento.craigslist.org/sof/d/senior-ruby-full-stack/6641998577.html,2018-08-12 18:38:31.304546
Director of Marketing and Media,https://sfbay.craigslist.org/sfc/mar/d/director-of-marketing-and/6652145713.html,2018-08-12 18:38:31.308522
Web Server Developer Needed,https://santabarbara.craigslist.org/sof/d/web-server-developer-needed/6648622267.html,2018-08-12 18:38:32.908944
Front End Developer for leading creative agency,https://losangeles.craigslist.org/wst/web/d/front-end-developer-for/6654447294.html,2018-08-12 18:38:32.912946
Marketing Manager at Growing LA Tech Startup,https://losangeles.craigslist.org/lac/mar/d/marketing-manager-at-growing/6651554114.html,2018-08-12 18:38:32.915927
QA Engineer,https://losangeles.craigslist.org/wst/sof/d/qa-engineer/6662328440.html,2018-08-12 18:38:32.916927
*Marketing Manager at Growing LA Tech Startup / Full Time / In House*,https://losangeles.craigslist.org/lac/mar/d/marketing-manager-at-growing/6645884256.html,2018-08-12 18:38:32.917925
Senior Ruby Full Stack Developer,https://sacramento.craigslist.org/sof/d/senior-ruby-full-stack/6641998577.html,2018-08-12 18:38:34.456964
Web Project Manager *Remote Position,https://denver.craigslist.org/web/d/web-project-manager-remote/6646664284.html,2018-08-12 18:38:35.228391
IT Support Tech,https://denver.craigslist.org/sad/d/it-support-tech/6660893678.html,2018-08-12 18:38:35.233387
PC and Network Support Tech,https://denver.craigslist.org/sad/d/pc-and-network-support-tech/6654179950.html,2018-08-12 18:38:35.234387
Web Project Manager *Remote Position,https://denver.craigslist.org/web/d/web-project-manager-remote/6646664284.html,2018-08-12 18:38:36.206771
IT Support Tech,https://denver.craigslist.org/sad/d/it-support-tech/6660893678.html,2018-08-12 18:38:36.211584
PC and Network Support Tech,https://denver.craigslist.org/sad/d/pc-and-network-support-tech/6654179950.html,2018-08-12 18:38:36.212584
Web Project Manager *Remote Position,https://denver.craigslist.org/web/d/web-project-manager-remote/6646664284.html,2018-08-12 18:38:36.957783
IT Support Tech,https://denver.craigslist.org/sad/d/it-support-tech/6660893678.html,2018-08-12 18:38:36.961768
PC and Network Support Tech,https://denver.craigslist.org/sad/d/pc-and-network-support-tech/6654179950.html,2018-08-12 18:38:36.962779
Web Project Manager *Remote Position,https://denver.craigslist.org/web/d/web-project-manager-remote/6646664284.html,2018-08-12 18:38:37.707353
IT Support Tech,https://denver.craigslist.org/sad/d/it-support-tech/6660893678.html,2018-08-12 18:38:37.712355
PC and Network Support Tech,https://denver.craigslist.org/sad/d/pc-and-network-support-tech/6654179950.html,2018-08-12 18:38:37.713354
Web Project Manager *Remote Position,https://denver.craigslist.org/web/d/web-project-manager-remote/6646664284.html,2018-08-12 18:38:39.324516
IT Support Tech,https://denver.craigslist.org/sad/d/it-support-tech/6660893678.html,2018-08-12 18:38:39.329543
PC and Network Support Tech,https://denver.craigslist.org/sad/d/pc-and-network-support-tech/6654179950.html,2018-08-12 18:38:39.330511
